Project,Method,Metric,CV_Value,Experiment
Ant,MAT,MCC_CV,0.0,MTO
ArgoUML,MAT,MCC_CV,2.6207483233253213e-16,MTO
Columba,MAT,MCC_CV,1.289480229784824e-16,MTO
EMF,MAT,MCC_CV,1.915196953009727e-16,MTO
Hibernate,MAT,MCC_CV,1.3822692353293002e-16,MTO
JEdit,MAT,MCC_CV,0.0,MTO
JFreeChart,MAT,MCC_CV,0.0,MTO
JMeter,MAT,MCC_CV,1.3235891659389252e-16,MTO
JRuby,MAT,MCC_CV,0.0,MTO
SQuirrel,MAT,MCC_CV,0.0,MTO
Dubbo,MAT,MCC_CV,0.0,MTO
Gradle,MAT,MCC_CV,1.657229346252367e-16,MTO
Groovy,MAT,MCC_CV,1.463734794689725e-16,MTO
Hive,MAT,MCC_CV,1.4538713767583e-16,MTO
Maven,MAT,MCC_CV,3.255471493179789e-16,MTO
Poi,MAT,MCC_CV,0.0,MTO
SpringFramework,MAT,MCC_CV,1.6502250126188063e-16,MTO
Storm,MAT,MCC_CV,0.0,MTO
Tomcat,MAT,MCC_CV,1.4825438829419956e-16,MTO
Zookeeper,MAT,MCC_CV,0.0,MTO
Ant,NLP,MCC_CV,0.0764812147252224,MTO
ArgoUML,NLP,MCC_CV,0.0163315787735565,MTO
Columba,NLP,MCC_CV,0.0543595447292716,MTO
EMF,NLP,MCC_CV,0.082707027159946,MTO
Hibernate,NLP,MCC_CV,0.0296762500375167,MTO
JEdit,NLP,MCC_CV,0.0460806751024502,MTO
JFreeChart,NLP,MCC_CV,0.0553703254512985,MTO
JMeter,NLP,MCC_CV,0.0584714819585814,MTO
JRuby,NLP,MCC_CV,0.0316660465166695,MTO
SQuirrel,NLP,MCC_CV,0.0460551605505122,MTO
Dubbo,NLP,MCC_CV,0.0545949331904456,MTO
Gradle,NLP,MCC_CV,0.0353445990086548,MTO
Groovy,NLP,MCC_CV,0.0546767965190886,MTO
Hive,NLP,MCC_CV,0.0684062817133481,MTO
Maven,NLP,MCC_CV,0.0334011711007331,MTO
Poi,NLP,MCC_CV,0.0533435490307833,MTO
SpringFramework,NLP,MCC_CV,0.1316503108853301,MTO
Storm,NLP,MCC_CV,0.0920191655125388,MTO
Tomcat,NLP,MCC_CV,0.1018709982418469,MTO
Zookeeper,NLP,MCC_CV,0.1185761662985139,MTO
Ant,TM,MCC_CV,0.1103650768801002,MTO
ArgoUML,TM,MCC_CV,0.0508027927624581,MTO
Columba,TM,MCC_CV,0.0979211311701813,MTO
EMF,TM,MCC_CV,0.1644932136076402,MTO
Hibernate,TM,MCC_CV,0.0730491096067973,MTO
JEdit,TM,MCC_CV,0.0507059117019196,MTO
JFreeChart,TM,MCC_CV,0.0919514061906797,MTO
JMeter,TM,MCC_CV,0.099667006533732,MTO
JRuby,TM,MCC_CV,0.0750207791060372,MTO
SQuirrel,TM,MCC_CV,0.0902200763798219,MTO
Dubbo,TM,MCC_CV,0.0890224561549017,MTO
Gradle,TM,MCC_CV,0.0855528267431954,MTO
Groovy,TM,MCC_CV,0.1012306744588796,MTO
Hive,TM,MCC_CV,0.1406402237762323,MTO
Maven,TM,MCC_CV,0.0505491195399139,MTO
Poi,TM,MCC_CV,0.1379872596151299,MTO
SpringFramework,TM,MCC_CV,0.202859663645979,MTO
Storm,TM,MCC_CV,0.170014928552153,MTO
Tomcat,TM,MCC_CV,0.1409877491503418,MTO
Zookeeper,TM,MCC_CV,0.1512391531644982,MTO
Ant,CNN,MCC_CV,0.0798064128815228,MTO
ArgoUML,CNN,MCC_CV,0.0229910570395996,MTO
Columba,CNN,MCC_CV,0.0244084106482858,MTO
EMF,CNN,MCC_CV,0.0746294698996186,MTO
Hibernate,CNN,MCC_CV,0.0311258382186296,MTO
JEdit,CNN,MCC_CV,0.1449290247326539,MTO
JFreeChart,CNN,MCC_CV,0.0465270723933963,MTO
JMeter,CNN,MCC_CV,0.0291049782294732,MTO
JRuby,CNN,MCC_CV,0.0201028116176886,MTO
SQuirrel,CNN,MCC_CV,0.0682316706849318,MTO
Dubbo,CNN,MCC_CV,0.0436830172750332,MTO
Gradle,CNN,MCC_CV,0.0664764548877608,MTO
Groovy,CNN,MCC_CV,0.0586532201217017,MTO
Hive,CNN,MCC_CV,0.0447877888794333,MTO
Maven,CNN,MCC_CV,0.0434815438017271,MTO
Poi,CNN,MCC_CV,0.0532367854998115,MTO
SpringFramework,CNN,MCC_CV,0.0587583790870511,MTO
Storm,CNN,MCC_CV,0.0445120740867961,MTO
Tomcat,CNN,MCC_CV,0.0455987547801679,MTO
Zookeeper,CNN,MCC_CV,0.0779614223361857,MTO
Ant,MAT,F1_CV,1.8596700579985875e-16,MTO
ArgoUML,MAT,F1_CV,0.0,MTO
Columba,MAT,F1_CV,1.2849803525754125e-16,MTO
EMF,MAT,F1_CV,0.0,MTO
Hibernate,MAT,F1_CV,0.0,MTO
JEdit,MAT,F1_CV,1.672022627447525e-16,MTO
JFreeChart,MAT,F1_CV,3.0584656325761896e-16,MTO
JMeter,MAT,F1_CV,1.3123203600770174e-16,MTO
JRuby,MAT,F1_CV,0.0,MTO
SQuirrel,MAT,F1_CV,1.5105075164968118e-16,MTO
Dubbo,MAT,F1_CV,0.0,MTO
Gradle,MAT,F1_CV,0.0,MTO
Groovy,MAT,F1_CV,1.4399779826526023e-16,MTO
Hive,MAT,F1_CV,0.0,MTO
Maven,MAT,F1_CV,0.0,MTO
Poi,MAT,F1_CV,0.0,MTO
SpringFramework,MAT,F1_CV,1.6399158413960954e-16,MTO
Storm,MAT,F1_CV,0.0,MTO
Tomcat,MAT,F1_CV,1.4704940723512006e-16,MTO
Zookeeper,MAT,F1_CV,0.0,MTO
Ant,NLP,F1_CV,0.0929520806751387,MTO
ArgoUML,NLP,F1_CV,0.0146312735548996,MTO
Columba,NLP,F1_CV,0.0639168059814597,MTO
EMF,NLP,F1_CV,0.0893153476799114,MTO
Hibernate,NLP,F1_CV,0.0229606636287851,MTO
JEdit,NLP,F1_CV,0.0530268233903809,MTO
JFreeChart,NLP,F1_CV,0.0614361498712057,MTO
JMeter,NLP,F1_CV,0.0592388455051476,MTO
JRuby,NLP,F1_CV,0.0326252485328376,MTO
SQuirrel,NLP,F1_CV,0.0530576388450266,MTO
Dubbo,NLP,F1_CV,0.0592272832781516,MTO
Gradle,NLP,F1_CV,0.0459067273086346,MTO
Groovy,NLP,F1_CV,0.0691416883041877,MTO
Hive,NLP,F1_CV,0.0974573168520923,MTO
Maven,NLP,F1_CV,0.0314666097710421,MTO
Poi,NLP,F1_CV,0.0726686083488283,MTO
SpringFramework,NLP,F1_CV,0.1981415118344377,MTO
Storm,NLP,F1_CV,0.1323147135231042,MTO
Tomcat,NLP,F1_CV,0.1403637086918627,MTO
Zookeeper,NLP,F1_CV,0.1482713355817063,MTO
Ant,TM,F1_CV,0.1311646094758235,MTO
ArgoUML,TM,F1_CV,0.0447089328109152,MTO
Columba,TM,F1_CV,0.115986838517307,MTO
EMF,TM,F1_CV,0.1824286605857805,MTO
Hibernate,TM,F1_CV,0.063170111429139,MTO
JEdit,TM,F1_CV,0.0891183462323832,MTO
JFreeChart,TM,F1_CV,0.1116439787117329,MTO
JMeter,TM,F1_CV,0.1039040253919713,MTO
JRuby,TM,F1_CV,0.0753262348750597,MTO
SQuirrel,TM,F1_CV,0.1086062627755694,MTO
Dubbo,TM,F1_CV,0.0995083424908471,MTO
Gradle,TM,F1_CV,0.0954966357855584,MTO
Groovy,TM,F1_CV,0.1208813347074099,MTO
Hive,TM,F1_CV,0.1723198501152037,MTO
Maven,TM,F1_CV,0.0557539617950851,MTO
Poi,TM,F1_CV,0.1615540421717696,MTO
SpringFramework,TM,F1_CV,0.2642812027139851,MTO
Storm,TM,F1_CV,0.2041244114473203,MTO
Tomcat,TM,F1_CV,0.1847435336483307,MTO
Zookeeper,TM,F1_CV,0.1888268066538284,MTO
Ant,CNN,F1_CV,0.1222593708849204,MTO
ArgoUML,CNN,F1_CV,0.0285031387025618,MTO
Columba,CNN,F1_CV,0.0342902537051949,MTO
EMF,CNN,F1_CV,0.1085355036174613,MTO
Hibernate,CNN,F1_CV,0.0492867780599715,MTO
JEdit,CNN,F1_CV,0.2132998819532677,MTO
JFreeChart,CNN,F1_CV,0.0614605549809826,MTO
JMeter,CNN,F1_CV,0.0372496891979225,MTO
JRuby,CNN,F1_CV,0.0298245594286347,MTO
SQuirrel,CNN,F1_CV,0.1024836686572732,MTO
Dubbo,CNN,F1_CV,0.0584521776896659,MTO
Gradle,CNN,F1_CV,0.0895212445742973,MTO
Groovy,CNN,F1_CV,0.0753014955477856,MTO
Hive,CNN,F1_CV,0.0669210814233076,MTO
Maven,CNN,F1_CV,0.0639332348871974,MTO
Poi,CNN,F1_CV,0.0685432425342882,MTO
SpringFramework,CNN,F1_CV,0.0782243332722812,MTO
Storm,CNN,F1_CV,0.0584010863320377,MTO
Tomcat,CNN,F1_CV,0.0645747316109431,MTO
Zookeeper,CNN,F1_CV,0.095065024381613,MTO
Ant,MAT,Precision_CV,0.0,MTO
ArgoUML,MAT,Precision_CV,1.3506362829989742e-16,MTO
Columba,MAT,Precision_CV,0.0,MTO
EMF,MAT,Precision_CV,0.0,MTO
Hibernate,MAT,Precision_CV,0.0,MTO
JEdit,MAT,Precision_CV,2.6092197993540703e-16,MTO
JFreeChart,MAT,Precision_CV,1.5355781806710323e-16,MTO
JMeter,MAT,Precision_CV,0.0,MTO
JRuby,MAT,Precision_CV,1.2186860863064286e-16,MTO
SQuirrel,MAT,Precision_CV,0.0,MTO
Dubbo,MAT,Precision_CV,0.0,MTO
Gradle,MAT,Precision_CV,0.0,MTO
Groovy,MAT,Precision_CV,3.0584656325761896e-16,MTO
Hive,MAT,Precision_CV,1.4179093545659726e-16,MTO
Maven,MAT,Precision_CV,0.0,MTO
Poi,MAT,Precision_CV,0.0,MTO
SpringFramework,MAT,Precision_CV,0.0,MTO
Storm,MAT,Precision_CV,1.3123203600770174e-16,MTO
Tomcat,MAT,Precision_CV,1.4982766864037204e-16,MTO
Zookeeper,MAT,Precision_CV,1.713307136767217e-16,MTO
Ant,NLP,Precision_CV,0.1794372899288893,MTO
ArgoUML,NLP,Precision_CV,0.0504824914150533,MTO
Columba,NLP,Precision_CV,0.1320658938291458,MTO
EMF,NLP,Precision_CV,0.213236807377482,MTO
Hibernate,NLP,Precision_CV,0.0918943082157407,MTO
JEdit,NLP,Precision_CV,0.1287351316125089,MTO
JFreeChart,NLP,Precision_CV,0.1260854907494078,MTO
JMeter,NLP,Precision_CV,0.1273648997890672,MTO
JRuby,NLP,Precision_CV,0.0902830647881512,MTO
SQuirrel,NLP,Precision_CV,0.1370466005557145,MTO
Dubbo,NLP,Precision_CV,0.1311628987273511,MTO
Gradle,NLP,Precision_CV,0.1174912930197498,MTO
Groovy,NLP,Precision_CV,0.1381689999170189,MTO
Hive,NLP,Precision_CV,0.1700805817122271,MTO
Maven,NLP,Precision_CV,0.0943550118523557,MTO
Poi,NLP,Precision_CV,0.1500753758860715,MTO
SpringFramework,NLP,Precision_CV,0.2708977646105653,MTO
Storm,NLP,Precision_CV,0.2169822930595116,MTO
Tomcat,NLP,Precision_CV,0.210988157140671,MTO
Zookeeper,NLP,Precision_CV,0.2406160245473722,MTO
Ant,TM,Precision_CV,0.2542780389496951,MTO
ArgoUML,TM,Precision_CV,0.0908483999756488,MTO
Columba,TM,Precision_CV,0.1823280642764139,MTO
EMF,TM,Precision_CV,0.3281295805356736,MTO
Hibernate,TM,Precision_CV,0.1447745933276084,MTO
JEdit,TM,Precision_CV,0.1746436522398604,MTO
JFreeChart,TM,Precision_CV,0.1706079710357289,MTO
JMeter,TM,Precision_CV,0.1758776444031541,MTO
JRuby,TM,Precision_CV,0.1340805262246127,MTO
SQuirrel,TM,Precision_CV,0.2122709927955372,MTO
Dubbo,TM,Precision_CV,0.1680807066448638,MTO
Gradle,TM,Precision_CV,0.1785943461604314,MTO
Groovy,TM,Precision_CV,0.183798095323037,MTO
Hive,TM,Precision_CV,0.2545879977630016,MTO
Maven,TM,Precision_CV,0.12883965483232,MTO
Poi,TM,Precision_CV,0.2327382824265638,MTO
SpringFramework,TM,Precision_CV,0.3396048220885306,MTO
Storm,TM,Precision_CV,0.3041277786368838,MTO
Tomcat,TM,Precision_CV,0.2675051395076726,MTO
Zookeeper,TM,Precision_CV,0.2990919338029858,MTO
Ant,CNN,Precision_CV,0.0979003207133679,MTO
ArgoUML,CNN,Precision_CV,0.0484450277042993,MTO
Columba,CNN,Precision_CV,0.0236034522631411,MTO
EMF,CNN,Precision_CV,0.1187576361294927,MTO
Hibernate,CNN,Precision_CV,0.0334073594657759,MTO
JEdit,CNN,Precision_CV,0.0950125653548361,MTO
JFreeChart,CNN,Precision_CV,0.0882233027511409,MTO
JMeter,CNN,Precision_CV,0.0740619748271363,MTO
JRuby,CNN,Precision_CV,0.0278946066718211,MTO
SQuirrel,CNN,Precision_CV,0.0758980596107698,MTO
Dubbo,CNN,Precision_CV,0.1065853800286144,MTO
Gradle,CNN,Precision_CV,0.1070055872839702,MTO
Groovy,CNN,Precision_CV,0.0937827701975247,MTO
Hive,CNN,Precision_CV,0.0807557158717902,MTO
Maven,CNN,Precision_CV,0.0856204868055821,MTO
Poi,CNN,Precision_CV,0.0791984224911772,MTO
SpringFramework,CNN,Precision_CV,0.0701055295740587,MTO
Storm,CNN,Precision_CV,0.0889372262694632,MTO
Tomcat,CNN,Precision_CV,0.0628211451026318,MTO
Zookeeper,CNN,Precision_CV,0.1161945223540083,MTO
Ant,NLP,MCC_CV,0.0805120530720617,OTO
ArgoUML,NLP,MCC_CV,0.0250493850881147,OTO
Columba,NLP,MCC_CV,0.066805723776745,OTO
EMF,NLP,MCC_CV,0.0949750446287261,OTO
Hibernate,NLP,MCC_CV,0.0382566458379201,OTO
JEdit,NLP,MCC_CV,0.0631863278619314,OTO
JFreeChart,NLP,MCC_CV,0.0609107412785574,OTO
JMeter,NLP,MCC_CV,0.0699563345659048,OTO
JRuby,NLP,MCC_CV,0.0277504186912096,OTO
SQuirrel,NLP,MCC_CV,0.0732165185286835,OTO
Dubbo,NLP,MCC_CV,0.0463778590428983,OTO
Gradle,NLP,MCC_CV,0.0558185490461869,OTO
Groovy,NLP,MCC_CV,0.0745052132910707,OTO
Hive,NLP,MCC_CV,0.106091050540956,OTO
Maven,NLP,MCC_CV,0.0347310073558275,OTO
Poi,NLP,MCC_CV,0.0726631207096145,OTO
SpringFramework,NLP,MCC_CV,0.1455720188451686,OTO
Storm,NLP,MCC_CV,0.1295597215295086,OTO
Tomcat,NLP,MCC_CV,0.0989169969907144,OTO
Zookeeper,NLP,MCC_CV,0.1198968628203212,OTO
Ant,TM,MCC_CV,0.0918985822433014,OTO
ArgoUML,TM,MCC_CV,0.0431779342136189,OTO
Columba,TM,MCC_CV,0.1074445515747156,OTO
EMF,TM,MCC_CV,0.0776075514447786,OTO
Hibernate,TM,MCC_CV,0.0616910993679747,OTO
JEdit,TM,MCC_CV,0.0827192749553845,OTO
JFreeChart,TM,MCC_CV,0.0760802659592691,OTO
JMeter,TM,MCC_CV,0.0905254266411784,OTO
JRuby,TM,MCC_CV,0.0689403006316309,OTO
SQuirrel,TM,MCC_CV,0.0692521742024517,OTO
Dubbo,TM,MCC_CV,0.0788177159102373,OTO
Gradle,TM,MCC_CV,0.0609513584984883,OTO
Groovy,TM,MCC_CV,0.0896723048660492,OTO
Hive,TM,MCC_CV,0.0909127516451866,OTO
Maven,TM,MCC_CV,0.0384571800243938,OTO
Poi,TM,MCC_CV,0.0938009041363258,OTO
SpringFramework,TM,MCC_CV,0.1065946474989689,OTO
Storm,TM,MCC_CV,0.0890648826149773,OTO
Tomcat,TM,MCC_CV,0.106674459346332,OTO
Zookeeper,TM,MCC_CV,0.0830115952290863,OTO
Ant,CNN,MCC_CV,0.1086056563013039,OTO
ArgoUML,CNN,MCC_CV,0.0253921692542298,OTO
Columba,CNN,MCC_CV,0.0226385022795718,OTO
EMF,CNN,MCC_CV,0.0316107055802884,OTO
Hibernate,CNN,MCC_CV,0.0201224220409103,OTO
JEdit,CNN,MCC_CV,0.0677315231593536,OTO
JFreeChart,CNN,MCC_CV,0.037157718065676,OTO
JMeter,CNN,MCC_CV,0.0245608054359133,OTO
JRuby,CNN,MCC_CV,0.0264808627087693,OTO
SQuirrel,CNN,MCC_CV,0.0306072536951438,OTO
Dubbo,CNN,MCC_CV,0.0720989781107774,OTO
Gradle,CNN,MCC_CV,0.0551277338159449,OTO
Groovy,CNN,MCC_CV,0.0518480923963459,OTO
Hive,CNN,MCC_CV,0.0354851610315798,OTO
Maven,CNN,MCC_CV,0.0619057575638138,OTO
Poi,CNN,MCC_CV,0.0341597291870631,OTO
SpringFramework,CNN,MCC_CV,0.0287877627892715,OTO
Storm,CNN,MCC_CV,0.0300786245801163,OTO
Tomcat,CNN,MCC_CV,0.0488441618102443,OTO
Zookeeper,CNN,MCC_CV,0.073223007499562,OTO
Ant,NLP,F1_CV,0.0606659620567684,OTO
ArgoUML,NLP,F1_CV,0.0224486620581851,OTO
Columba,NLP,F1_CV,0.0617269484202306,OTO
EMF,NLP,F1_CV,0.0882305673880672,OTO
Hibernate,NLP,F1_CV,0.0272076257188193,OTO
JEdit,NLP,F1_CV,0.1593599717174755,OTO
JFreeChart,NLP,F1_CV,0.0496554639857653,OTO
JMeter,NLP,F1_CV,0.0572818211559567,OTO
JRuby,NLP,F1_CV,0.0281524296350196,OTO
SQuirrel,NLP,F1_CV,0.0705149917029647,OTO
Dubbo,NLP,F1_CV,0.0406151905078468,OTO
Gradle,NLP,F1_CV,0.0576901230748198,OTO
Groovy,NLP,F1_CV,0.0790419417521534,OTO
Hive,NLP,F1_CV,0.1183010382591988,OTO
Maven,NLP,F1_CV,0.0301286679717049,OTO
Poi,NLP,F1_CV,0.0745124007050606,OTO
SpringFramework,NLP,F1_CV,0.178871477284909,OTO
Storm,NLP,F1_CV,0.1460030655323615,OTO
Tomcat,NLP,F1_CV,0.1174773705148785,OTO
Zookeeper,NLP,F1_CV,0.1348342979393584,OTO
Ant,TM,F1_CV,0.1323061480325826,OTO
ArgoUML,TM,F1_CV,0.0350756040261465,OTO
Columba,TM,F1_CV,0.1400132862117915,OTO
EMF,TM,F1_CV,0.1373364510307955,OTO
Hibernate,TM,F1_CV,0.0463088340785236,OTO
JEdit,TM,F1_CV,0.0667893185973515,OTO
JFreeChart,TM,F1_CV,0.1010818522723657,OTO
JMeter,TM,F1_CV,0.1012547333102207,OTO
JRuby,TM,F1_CV,0.0653650950854416,OTO
SQuirrel,TM,F1_CV,0.1001946419131613,OTO
Dubbo,TM,F1_CV,0.0995573964398268,OTO
Gradle,TM,F1_CV,0.0694323022529796,OTO
Groovy,TM,F1_CV,0.1137830261201489,OTO
Hive,TM,F1_CV,0.1355565039864738,OTO
Maven,TM,F1_CV,0.0416987665688315,OTO
Poi,TM,F1_CV,0.125762520158664,OTO
SpringFramework,TM,F1_CV,0.1919050443533246,OTO
Storm,TM,F1_CV,0.1544816660148564,OTO
Tomcat,TM,F1_CV,0.1700848923492006,OTO
Zookeeper,TM,F1_CV,0.1519123812751018,OTO
Ant,CNN,F1_CV,0.2114901594478433,OTO
ArgoUML,CNN,F1_CV,0.0488270856140626,OTO
Columba,CNN,F1_CV,0.0541680872272935,OTO
EMF,CNN,F1_CV,0.0905428183469425,OTO
Hibernate,CNN,F1_CV,0.050399466699796,OTO
JEdit,CNN,F1_CV,0.1874047604459947,OTO
JFreeChart,CNN,F1_CV,0.0813739504271106,OTO
JMeter,CNN,F1_CV,0.0512468349754907,OTO
JRuby,CNN,F1_CV,0.0601267623903718,OTO
SQuirrel,CNN,F1_CV,0.078498265550497,OTO
Dubbo,CNN,F1_CV,0.1275167139477448,OTO
Gradle,CNN,F1_CV,0.1078111686537322,OTO
Groovy,CNN,F1_CV,0.089162884932434,OTO
Hive,CNN,F1_CV,0.0676134458705473,OTO
Maven,CNN,F1_CV,0.1058606820974265,OTO
Poi,CNN,F1_CV,0.0647911759676248,OTO
SpringFramework,CNN,F1_CV,0.0736895743684391,OTO
Storm,CNN,F1_CV,0.0680033606038857,OTO
Tomcat,CNN,F1_CV,0.090846912898812,OTO
Zookeeper,CNN,F1_CV,0.1206467225052814,OTO
