IR,Experiment,Method,Metric,Value
1,MTO,MAT,MCC,0.739333384912159
2,MTO,MAT,MCC,0.739333384912159
3,MTO,MAT,MCC,0.739333384912159
4,MTO,MAT,MCC,0.739333384912159
5,MTO,MAT,MCC,0.739333384912159
6,MTO,MAT,MCC,0.739333384912159
7,MTO,MAT,MCC,0.739333384912159
8,MTO,MAT,MCC,0.739333384912159
9,MTO,MAT,MCC,0.739333384912159
10,MTO,MAT,MCC,0.739333384912159
11,MTO,MAT,MCC,0.739333384912159
12,MTO,MAT,MCC,0.739333384912159
13,MTO,MAT,MCC,0.739333384912159
14,MTO,MAT,MCC,0.739333384912159
15,MTO,MAT,MCC,0.739333384912159
16,MTO,MAT,MCC,0.739333384912159
17,MTO,MAT,MCC,0.739333384912159
18,MTO,MAT,MCC,0.739333384912159
19,MTO,MAT,MCC,0.739333384912159
20,MTO,MAT,MCC,0.739333384912159
1,MTO,MAT,F1,0.7424999999999999
2,MTO,MAT,F1,0.7424999999999999
3,MTO,MAT,F1,0.7424999999999999
4,MTO,MAT,F1,0.7424999999999999
5,MTO,MAT,F1,0.7424999999999999
6,MTO,MAT,F1,0.7424999999999999
7,MTO,MAT,F1,0.7424999999999999
8,MTO,MAT,F1,0.7424999999999999
9,MTO,MAT,F1,0.7424999999999999
10,MTO,MAT,F1,0.7424999999999999
11,MTO,MAT,F1,0.7424999999999999
12,MTO,MAT,F1,0.7424999999999999
13,MTO,MAT,F1,0.7424999999999999
14,MTO,MAT,F1,0.7424999999999999
15,MTO,MAT,F1,0.7424999999999999
16,MTO,MAT,F1,0.7424999999999999
17,MTO,MAT,F1,0.7424999999999999
18,MTO,MAT,F1,0.7424999999999999
19,MTO,MAT,F1,0.7424999999999999
20,MTO,MAT,F1,0.7424999999999999
1,MTO,NLP,MCC,0.5112161287390005
2,MTO,NLP,MCC,0.5658982311304765
3,MTO,NLP,MCC,0.5553413614936646
4,MTO,NLP,MCC,0.5876416403807028
5,MTO,NLP,MCC,0.5952546019639193
6,MTO,NLP,MCC,0.6031896236379739
7,MTO,NLP,MCC,0.5943521217883718
8,MTO,NLP,MCC,0.6016106568768278
9,MTO,NLP,MCC,0.5979618775019687
10,MTO,NLP,MCC,0.619482837283567
11,MTO,NLP,MCC,0.6059875010783609
12,MTO,NLP,MCC,0.5984950620239899
13,MTO,NLP,MCC,0.594965851558506
14,MTO,NLP,MCC,0.5945207707014057
15,MTO,NLP,MCC,0.6232303312677334
16,MTO,NLP,MCC,0.6021734450806042
17,MTO,NLP,MCC,0.6019981311991525
18,MTO,NLP,MCC,0.6104752860245036
19,MTO,NLP,MCC,0.6197976665576497
20,MTO,NLP,MCC,0.6120863751761735
1,MTO,NLP,F1,0.4985
2,MTO,NLP,F1,0.5585
3,MTO,NLP,F1,0.5675
4,MTO,NLP,F1,0.599
5,MTO,NLP,F1,0.611
6,MTO,NLP,F1,0.6214999999999999
7,MTO,NLP,F1,0.612
8,MTO,NLP,F1,0.6225
9,MTO,NLP,F1,0.617
10,MTO,NLP,F1,0.6365000000000001
11,MTO,NLP,F1,0.638
12,MTO,NLP,F1,0.6234999999999999
13,MTO,NLP,F1,0.625
14,MTO,NLP,F1,0.6305000000000001
15,MTO,NLP,F1,0.6485000000000001
16,MTO,NLP,F1,0.6325000000000001
17,MTO,NLP,F1,0.6315
18,MTO,NLP,F1,0.6385000000000001
19,MTO,NLP,F1,0.6425000000000001
20,MTO,NLP,F1,0.6395
1,MTO,TM,MCC,0.4147481351508076
2,MTO,TM,MCC,0.5587051087445878
3,MTO,TM,MCC,0.6141367423481592
4,MTO,TM,MCC,0.6460491741813412
5,MTO,TM,MCC,0.6522749993967973
6,MTO,TM,MCC,0.6589320425015204
7,MTO,TM,MCC,0.6674200313241858
8,MTO,TM,MCC,0.6463646113399626
9,MTO,TM,MCC,0.6648798896236928
10,MTO,TM,MCC,0.670781352838099
11,MTO,TM,MCC,0.6769952007122375
12,MTO,TM,MCC,0.662039339849951
13,MTO,TM,MCC,0.6765235228868973
14,MTO,TM,MCC,0.6735904346190791
15,MTO,TM,MCC,0.6824616100274981
16,MTO,TM,MCC,0.6733758005758018
17,MTO,TM,MCC,0.6747937643385296
18,MTO,TM,MCC,0.6676970381515999
19,MTO,TM,MCC,0.6711559366289059
20,MTO,TM,MCC,0.6708101344239472
1,MTO,TM,F1,0.3735
2,MTO,TM,F1,0.5445
3,MTO,TM,F1,0.609
4,MTO,TM,F1,0.6575
5,MTO,TM,F1,0.6795
6,MTO,TM,F1,0.674
7,MTO,TM,F1,0.6825000000000001
8,MTO,TM,F1,0.668
9,MTO,TM,F1,0.6715
10,MTO,TM,F1,0.6775
11,MTO,TM,F1,0.686
12,MTO,TM,F1,0.672
13,MTO,TM,F1,0.687
14,MTO,TM,F1,0.6825000000000001
15,MTO,TM,F1,0.6905
16,MTO,TM,F1,0.68
17,MTO,TM,F1,0.682
18,MTO,TM,F1,0.677
19,MTO,TM,F1,0.681
20,MTO,TM,F1,0.677
1,MTO,CNN,MCC,0.7592
2,MTO,CNN,MCC,0.77755
3,MTO,CNN,MCC,0.77685
4,MTO,CNN,MCC,0.7596499999999999
5,MTO,CNN,MCC,0.7407
6,MTO,CNN,MCC,0.7495499999999999
7,MTO,CNN,MCC,0.7555499999999999
8,MTO,CNN,MCC,0.7555499999999999
9,MTO,CNN,MCC,0.75295
10,MTO,CNN,MCC,0.725
11,MTO,CNN,MCC,0.7434000000000001
12,MTO,CNN,MCC,0.7374
13,MTO,CNN,MCC,0.7192
14,MTO,CNN,MCC,0.7172499999999999
15,MTO,CNN,MCC,0.7101500000000001
16,MTO,CNN,MCC,0.7173499999999999
17,MTO,CNN,MCC,0.72105
18,MTO,CNN,MCC,0.7323
19,MTO,CNN,MCC,0.70035
20,MTO,CNN,MCC,0.6853
1,MTO,CNN,F1,0.8747
2,MTO,CNN,F1,0.8458
3,MTO,CNN,F1,0.8250500000000001
4,MTO,CNN,F1,0.7999
5,MTO,CNN,F1,0.7792
6,MTO,CNN,F1,0.7785500000000001
7,MTO,CNN,F1,0.7805
8,MTO,CNN,F1,0.77545
9,MTO,CNN,F1,0.7714
10,MTO,CNN,F1,0.74495
11,MTO,CNN,F1,0.7645500000000001
12,MTO,CNN,F1,0.751
13,MTO,CNN,F1,0.7362500000000001
14,MTO,CNN,F1,0.7361
15,MTO,CNN,F1,0.7262
16,MTO,CNN,F1,0.7305999999999999
17,MTO,CNN,F1,0.7382500000000001
18,MTO,CNN,F1,0.7343999999999999
19,MTO,CNN,F1,0.7173
20,MTO,CNN,F1,0.7058500000000001
1,OTO,MAT,MCC,0.7241509334145977
2,OTO,MAT,MCC,0.7241509334145977
3,OTO,MAT,MCC,0.7241509334145977
4,OTO,MAT,MCC,0.7241509334145977
5,OTO,MAT,MCC,0.7241509334145977
6,OTO,MAT,MCC,0.7241509334145977
7,OTO,MAT,MCC,0.7241509334145977
8,OTO,MAT,MCC,0.7241509334145977
9,OTO,MAT,MCC,0.7241509334145977
10,OTO,MAT,MCC,0.7241509334145977
11,OTO,MAT,MCC,0.7241509334145977
12,OTO,MAT,MCC,0.7241509334145977
13,OTO,MAT,MCC,0.7241509334145977
14,OTO,MAT,MCC,0.7241509334145977
15,OTO,MAT,MCC,0.7241509334145977
16,OTO,MAT,MCC,0.7241509334145977
17,OTO,MAT,MCC,0.7241509334145977
18,OTO,MAT,MCC,0.7241509334145977
19,OTO,MAT,MCC,0.7241509334145977
20,OTO,MAT,MCC,0.7241509334145977
1,OTO,MAT,F1,0.7251000000000001
2,OTO,MAT,F1,0.7251000000000001
3,OTO,MAT,F1,0.7251000000000001
4,OTO,MAT,F1,0.7251000000000001
5,OTO,MAT,F1,0.7251000000000001
6,OTO,MAT,F1,0.7251000000000001
7,OTO,MAT,F1,0.7251000000000001
8,OTO,MAT,F1,0.7251000000000001
9,OTO,MAT,F1,0.7251000000000001
10,OTO,MAT,F1,0.7251000000000001
11,OTO,MAT,F1,0.7251000000000001
12,OTO,MAT,F1,0.7251000000000001
13,OTO,MAT,F1,0.7251000000000001
14,OTO,MAT,F1,0.7251000000000001
15,OTO,MAT,F1,0.7251000000000001
16,OTO,MAT,F1,0.7251000000000001
17,OTO,MAT,F1,0.7251000000000001
18,OTO,MAT,F1,0.7251000000000001
19,OTO,MAT,F1,0.7251000000000001
20,OTO,MAT,F1,0.7251000000000001
1,OTO,NLP,MCC,0.4551592244168594
2,OTO,NLP,MCC,0.5216954836031211
3,OTO,NLP,MCC,0.5611200607679885
4,OTO,NLP,MCC,0.5708142812758704
5,OTO,NLP,MCC,0.5826051153446916
6,OTO,NLP,MCC,0.5802867242507851
7,OTO,NLP,MCC,0.5848399914831713
8,OTO,NLP,MCC,0.5910398941146505
9,OTO,NLP,MCC,0.5964199461461599
10,OTO,NLP,MCC,0.5967993414784748
11,OTO,NLP,MCC,0.5979528755455928
12,OTO,NLP,MCC,0.5969319600258726
13,OTO,NLP,MCC,0.6004838241443639
14,OTO,NLP,MCC,0.5995926103029896
15,OTO,NLP,MCC,0.5925270306392469
16,OTO,NLP,MCC,0.5890351422384106
17,OTO,NLP,MCC,0.5943636841409714
18,OTO,NLP,MCC,0.5965477150065499
19,OTO,NLP,MCC,0.594787221017824
20,OTO,NLP,MCC,0.5846533438548318
1,OTO,NLP,F1,0.4461052631578947
2,OTO,NLP,F1,0.5388157894736842
3,OTO,NLP,F1,0.5776052631578947
4,OTO,NLP,F1,0.5871315789473683
5,OTO,NLP,F1,0.5966315789473684
6,OTO,NLP,F1,0.5918157894736842
7,OTO,NLP,F1,0.5955526315789474
8,OTO,NLP,F1,0.6039736842105263
9,OTO,NLP,F1,0.6092368421052632
10,OTO,NLP,F1,0.6097105263157894
11,OTO,NLP,F1,0.6128421052631579
12,OTO,NLP,F1,0.6123947368421052
13,OTO,NLP,F1,0.6163947368421052
14,OTO,NLP,F1,0.6157368421052631
15,OTO,NLP,F1,0.6068684210526316
16,OTO,NLP,F1,0.6055526315789475
17,OTO,NLP,F1,0.6093421052631578
18,OTO,NLP,F1,0.6111578947368421
19,OTO,NLP,F1,0.6089473684210527
20,OTO,NLP,F1,0.5987894736842105
1,OTO,TM,MCC,0.2948486881384208
2,OTO,TM,MCC,0.3381824135337757
3,OTO,TM,MCC,0.36244285862088216
4,OTO,TM,MCC,0.3849198055366282
5,OTO,TM,MCC,0.39563327905932616
6,OTO,TM,MCC,0.36301690893784083
7,OTO,TM,MCC,0.3717352538780956
8,OTO,TM,MCC,0.3855493981534496
9,OTO,TM,MCC,0.3796679516120086
10,OTO,TM,MCC,0.38982879794008995
11,OTO,TM,MCC,0.3921942816971561
12,OTO,TM,MCC,0.39106360400163953
13,OTO,TM,MCC,0.40955640161371676
14,OTO,TM,MCC,0.3962139186469506
15,OTO,TM,MCC,0.4094203938083371
16,OTO,TM,MCC,0.3943027283906001
17,OTO,TM,MCC,0.4065882254337204
18,OTO,TM,MCC,0.4160955632267782
19,OTO,TM,MCC,0.40708995375384166
20,OTO,TM,MCC,0.4164089022636087
1,OTO,TM,F1,0.26202500000000006
2,OTO,TM,F1,0.318925
3,OTO,TM,F1,0.35825000000000007
4,OTO,TM,F1,0.38970000000000005
5,OTO,TM,F1,0.40102499999999996
6,OTO,TM,F1,0.37479999999999997
7,OTO,TM,F1,0.38200000000000006
8,OTO,TM,F1,0.395775
9,OTO,TM,F1,0.40005
10,OTO,TM,F1,0.40970000000000006
11,OTO,TM,F1,0.40435
12,OTO,TM,F1,0.41225
13,OTO,TM,F1,0.4202
14,OTO,TM,F1,0.411175
15,OTO,TM,F1,0.4256
16,OTO,TM,F1,0.408825
17,OTO,TM,F1,0.42332499999999995
18,OTO,TM,F1,0.430625
19,OTO,TM,F1,0.42425
20,OTO,TM,F1,0.42945
1,OTO,CNN,MCC,0.6455184210526316
2,OTO,CNN,MCC,0.6651381578947368
3,OTO,CNN,MCC,0.668186842105263
4,OTO,CNN,MCC,0.6715868421052632
5,OTO,CNN,MCC,0.668246052631579
6,OTO,CNN,MCC,0.6591921052631579
7,OTO,CNN,MCC,0.6631513157894737
8,OTO,CNN,MCC,0.6697578947368421
9,OTO,CNN,MCC,0.6480355263157894
10,OTO,CNN,MCC,0.6484684210526315
11,OTO,CNN,MCC,0.6475263157894737
12,OTO,CNN,MCC,0.6466723684210527
13,OTO,CNN,MCC,0.6392855263157895
14,OTO,CNN,MCC,0.6298881578947368
15,OTO,CNN,MCC,0.6257763157894737
16,OTO,CNN,MCC,0.6186078947368421
17,OTO,CNN,MCC,0.6191842105263158
18,OTO,CNN,MCC,0.6288947368421053
19,OTO,CNN,MCC,0.6132513157894738
20,OTO,CNN,MCC,0.59545
1,OTO,CNN,F1,0.8141552631578948
2,OTO,CNN,F1,0.7468815789473683
3,OTO,CNN,F1,0.7238868421052631
4,OTO,CNN,F1,0.7106276315789473
5,OTO,CNN,F1,0.6938657894736842
6,OTO,CNN,F1,0.6783592105263156
7,OTO,CNN,F1,0.676136842105263
8,OTO,CNN,F1,0.6808947368421052
9,OTO,CNN,F1,0.658625
10,OTO,CNN,F1,0.657425
11,OTO,CNN,F1,0.651275
12,OTO,CNN,F1,0.6462973684210525
13,OTO,CNN,F1,0.6379802631578948
14,OTO,CNN,F1,0.6303249999999999
15,OTO,CNN,F1,0.6236065789473684
16,OTO,CNN,F1,0.6115552631578947
17,OTO,CNN,F1,0.6186184210526315
18,OTO,CNN,F1,0.6279855263157895
19,OTO,CNN,F1,0.6090131578947368
20,OTO,CNN,F1,0.5918289473684211
